{"train_loss":NaN,"valid_loss":NaN,"_timestamp":1.7447458318123856e+09,"_wandb":{"runtime":13878},"_runtime":13878.226493955,"_step":999}