{"_timestamp":1.7448907268185847e+09,"_runtime":75432.393465685,"_step":299,"_wandb":{"runtime":75432},"train_loss":0.8371601227670908,"valid_loss":0.6061190485954284}