{"_step":999,"_wandb":{"runtime":13500},"train_loss":0.983878131210804,"valid_loss":0.5352775096893311,"_timestamp":1.7448289557426906e+09,"_runtime":13500.406868874}